index,VH_readCount,VH_readFraction,SRR,Cell_line,Sample_Name,Histology,Cancer_type,CH,VH,videntity_VH,VL_readCount,VL_readFraction,CL,VL,videntity_VL
0,575,0.92,SRR8615263,OCI-LY3,OCILY3_HAEMATOPOIETIC_AND_LYMPHOID_TISSUE,lymphoid_neoplasm,diffuse_large_B_cell_lymphoma,IGHG1*00(406.2),QVQLQQWGPGLLKPSETLSLTCAVYGGSLINFSWTWIRQPPGEGLEWIGEINHRGHTNINSSLRSRVTISVDMSKNQFSLVLSHVTDADMGLYYCARGRTGDAEGDVAGLGYYYDFWGQGTLAVVSP,0.8713137,14467,0.994295532646048,IGLC3*00(410.5),SYVLTQPPSVSVAPGKTARITCGADNIGAKSVHWYQQKTDQAPVLVVHDDNDRPSGIPERFSGSNSGNTATLSISRVEPGDEADYFCQVWDNSGGQLWMFGGGTKLTVL,0.9230769
3,3280,0.952657566076096,SRR8615368,SU-DHL-5,SUDHL5_HAEMATOPOIETIC_AND_LYMPHOID_TISSUE,lymphoid_neoplasm,diffuse_large_B_cell_lymphoma,IGHM*00(313.3),QVHLVQSGAEVKKPGASVKVSCQASGYTFIEYDIHWVRQAPGQGLEWMGWMNVDNGHIGNGHKFLERVTMTRDTSTNTAYMELSSLRLDDTAVYYCARGPNLMSGECPYNFAYWGRGTLVIVSS,0.8832891,3885,0.971492873218305,IGLC2*00(461.5),QSLLAQPPSASEKXGHRVTISCSGGASNIGHNSVIWYQQLPGAAPQVXIFDDLYRPSGVPDRFSGSKCGTSASLSISGLQSGDEADYYCATWDDTLNGVVFGGGTKLAVV,0.85714287
4,7835,0.988269424823411,SRR8615369,SU-DHL-6,SUDHL6_HAEMATOPOIETIC_AND_LYMPHOID_TISSUE,lymphoid_neoplasm,diffuse_large_B_cell_lymphoma,IGHM*00(361.7),DVQMVESGGTLVHPGGSLRLSCTASEFNFNSYTINWVRLPPGKGLEWIANISSTGSDIYYVDSLKGRFTISRDNAKNSVYLQMTGLKDEDTAVYYCATGGTDSTRGLLYWGLGTLVTVSS,0.8455285,24140,0.997561882722427,IGKC*00(320.7),DIQMTQSPSTLSAFVGDRITITCRASQSIYNWLAWYQQKPGRAPKVLVYKASNLQGGVPSRFSGSGYGTEFSLTISSLQPEDFATYYCQQYQSYSWTFGQGTKVEMK,0.9324324
5,3934,0.9835,SRR8615373,ST486,ST486_HAEMATOPOIETIC_AND_LYMPHOID_TISSUE,lymphoid_neoplasm,Burkitt_lymphoma,IGHM*00(379.2),QVQLVESGGGVIQPGTSLRLSCAASGSTFSSYGMHWVRQAPGKGLEWVAAISFDGNNKYYTNSVKGRFTISRDNSNNTLYLQMNSLRTEDTAVYYCAKGEEKTGHSGFWSGYLWGQGTLVTVSS,0.96216214,22426,0.987190209974909,IGKC*00(365.2),DIVMTQSPLSLPVTPGEPASISCRSSESLLQSNGYNYLDWYLQKPGQSPQLLIYLGSNRASGVPDRFSGSGSGTDFTLKISRVEAEDVGVYYCMQALQTPRTFGQGTKLEIK,0.9895013
6,7698,0.999350902245878,SRR8615376,SU-DHL-10,SUDHL10_HAEMATOPOIETIC_AND_LYMPHOID_TISSUE,lymphoid_neoplasm,diffuse_large_B_cell_lymphoma,IGHG4*00(340.2),QVQLVQSGSELKNPGASVKVSCKATGYIFSSYAINWVRQAPGHGLEWMGWINTNTGDPTYGQGFTRRFVLSLDTSVKMAYLEINNMKAEDTALYYCARGRTRTFFDLWGRGTQVTVSS,0.9086022,7353,0.997557997557998,IGLC2*00(457.8),QSALTQPASVSASPGQSISISCTANRSDVANYNLVTWYQQHPGKTPKVILFEDTKRPSGVSNRFSGSRSGNTASLTVSGLQTEDEGDYYCCSYTGRSPHVVFGGGTRLSVL,0.9048913
7,7312,0.998497883381128,SRR8615378,SU-DHL-4,SUDHL4_HAEMATOPOIETIC_AND_LYMPHOID_TISSUE,lymphoid_neoplasm,diffuse_large_B_cell_lymphoma,IGHG2*00(291.3),QMHLQASGPGLLKPSETLSLTCTVSGGSISSYSWTWIRQPPGRGLEWIGNISYSETDYNPSLKSRVTMSLDMSKNEFSLKLGSVTAADTAIYYCARRSPDYGHNFDFWGQGTLVTVSS,0.9076087,16771,0.994603249911043,IGKC*00(318.6),DIVLTQSPLSLSVTPGEPASISCRSSQSLLYTSGQHYLNWYVQKPGQSPQLLIYLVSNRASGVPDRFGGSGSGTDFTLKISRVEADDVGVYYCMQAVQTPLTFGGGTKVEIK,0.92913383
8,130697,0.995900483864823,SRR8615408,AMO-1,AMO1_HAEMATOPOIETIC_AND_LYMPHOID_TISSUE,lymphoid_neoplasm,plasma_cell_myeloma,IGHA1*00(281.1),EVRLSESGGGLVQPGGSLRLSCAASGFTFSSYAMTWVRQAPGKGLEWVSGITGSGGSTKYADSVKGRCTISRDSSKNTLYLQINSLRADDTAVYMCATGRRKDLGAPLDHWGQGTVVIVSS,0.9086022,420201,0.99673370052517,IGKC*00(297.8),EIVLTQSPATLSLSAGEGATLSCRASQRVPNNSLAWYQQTPGQPPSLLTSAPSSGTAGIPDRFSGSGSGTDFTLTISKLEPEDVAVYYCQQYGSSPYTFGQGTKLEIK,0.91553134
9,15146,0.993962462265389,SRR8615440,NU-DHL-1,NUDHL1_HAEMATOPOIETIC_AND_LYMPHOID_TISSUE,lymphoid_neoplasm,diffuse_large_B_cell_lymphoma,IGHM*00(270.3),EVQLMESGGGLIQLGGSLRLSCAASGFSINAYNITWVRQAPGKGLEWVSIFFSDGRTNYTESVKGRFSVSRDNSKNTLFLQMNNLRVEDTAIYYCARENGTGRGPQALDLWGQGTMAIVSS,0.8648649,19215,0.752378714906613,IGLC1*00(313.6),SYELTQSPSVSVSPGQTASVTCSGDNLGNKYACWYQQKPGQSPVLVMYQDNKRPSGIPERFSGANSGNTATLTITGTQAMDEADYYCQSWDNSTYVFGTGTKVTVL,0.94545454
10,1490,0.636208368915457,SRR8615523,MHH-CALL-3,MHHCALL3_HAEMATOPOIETIC_AND_LYMPHOID_TISSUE,lymphoid_neoplasm,acute_lymphoblastic_B_cell_leukaemia,IGHM*00(302.3),EVQLVESGGGLVKPGGSLRLSCAASGFTFSNAWMNWVRQAPGKGLEWVGRIKSKTDGGTTDYAAPVKGRFTISRDDSKNTLYLQMNSLKTEDTAVYYCTTLGGGGFLDQSAAWFDPWGQGTLVTVSS,0.99202126,128,0.256,IGLC3*00(397.3),SYELTQPPSVSVSPGQTASITCSGDKLGDKYACWYQQKPGQSPVLVIYQDSKRPSGIPERFSGSNSGNTATLTISGTQAMDEADYYCQAWDSSTVGKGVFGGGTKLTVL,0.94753087
11,1490,0.636208368915457,SRR8615523,MHH-CALL-3,MHHCALL3_HAEMATOPOIETIC_AND_LYMPHOID_TISSUE,lymphoid_neoplasm,acute_lymphoblastic_B_cell_leukaemia,IGHM*00(302.3),EVQLVESGGGLVKPGGSLRLSCAASGFTFSNAWMNWVRQAPGKGLEWVGRIKSKTDGGTTDYAAPVKGRFTISRDDSKNTLYLQMNSLKTEDTAVYYCTTLGGGGFLDQSAAWFDPWGQGTLVTVSS,0.99202126,86,0.172,IGLC2*00(336.1),QSVLTQPPSASGTPGQRVTISCSGSSSNIGSNTVNWYQQLPGTAPKLLIYSNNQRPSGVPDRFSGSKSGTSASLAISGLQSEDEADYYCAAWDDSLNALVVFGGGTKLTVL,0.9807162
12,115,0.0079783543776883,SRR8615586,MEC-1,MEC1_HAEMATOPOIETIC_AND_LYMPHOID_TISSUE,lymphoid_neoplasm,chronic_lymphocytic_leukaemia-small_lymphocytic_lymphoma,IGHM*00(426.1),QXXLQESXPGLVKPSETLSLTCAVSSGSISSYYWSWIRQPPGKGLQWIGYMYKSGSTNYNPSLKSRVTISVDTSKNQFSLKLSSVTAADTAMYYCARSQGGLTAIDYWGQGILVTVSS,0.9373297,24710,0.999716794109317,IGKC*00(317.1),DIVMTQSPDSLAVSLGERATINCKSSQSVLYSSNNKNYLAWYQQKPGQPPKLLIDWASTRESGVPDRISGSGSGTDFTLTISSLQAEDVAVYYCQQYYSIPYTFGQGTKLEIK,0.986911
13,8896,0.956867806819404,SRR8615631,DOHH-2,DOHH2_HAEMATOPOIETIC_AND_LYMPHOID_TISSUE,lymphoid_neoplasm,diffuse_large_B_cell_lymphoma,IGHG2*00(260.5),EVQLVESGGGLVKPGESLRLSCVASGFSFTNAWMTWVRQAPGLGLEWVGHIKTLTDGGTADYAPPVKGRFVISRDDSKHTLYLEMNSLENDDTAVYYCTTAPTLELPCDFWGQGTLVTVSS,0.90957445,16905,0.962370488443584,IGLC3*00(307.6),QSALTQPRSVSGSPGQSVTISCTGTSSDVGDYDHVSWYQQHPGKVPKLIMYDVNKRPSGVPDRFSGSKSDDTASLTISGLQAEDEAEYFCCSYAGGYSLGVFGGGTKLTVL,0.9530387
16,8087,0.903474472126019,SRR8615706,KOPN-8,KOPN8_HAEMATOPOIETIC_AND_LYMPHOID_TISSUE,lymphoid_neoplasm,acute_lymphoblastic_B_cell_leukaemia,IGHM*00(226.1),QVQLQQSGPGLVKPSQTLSLTCAISGDSVSSNSAAWNWIRQSPSRGLEWLGRTYYRSKWYNDYAVSVKSRITINPDTSKNQFSLQLNSVTPEDTAVYYCARGWDNWNDFDYWGQGTLVTVSS,1.0,1080,0.971223021582734,IGLC2*00(328.5),LPVLTQPPSASALLGASIKLTCTLSSEHSTYTIEWYQQRPGRSPQYIMKVKSDGSHSKGDGIPDRFMGSSSGADRYLTFSNLQSDDEAEYHCGESHTIDGQVGWVFGGGTKLTVL,1.0
17,68395,0.945661942620117,SRR8615711,JVM-3,JVM3_HAEMATOPOIETIC_AND_LYMPHOID_TISSUE,lymphoid_neoplasm,chronic_lymphocytic_leukaemia-small_lymphocytic_lymphoma,IGHM*00(304.5),EVQLVESGGGLVQPGGSLRLSCAASGFTFSSYWMSWVRQAPGKGLEWVANIKQDGSEKYYVDSVKGRFTISRDNAKNSLYLQMNSLRAEDTAVYYCARVSIQDDSSRYFDYWGQGTLVTVSS,1.0,109607,0.911674679353883,IGKC*00(269.3),DIQMTQSPSTLSASVGDRVTITCRASQSISSWLAWYQQKPGKAPKLLIYKASSLESGVPSRFSGSGSGTEFTLTISSLQPDDFATYYCQQYNSYPWTFGQGTKVEIK,1.0
18,3429,0.611993574870605,SRR8615741,GA-10,GA10_HAEMATOPOIETIC_AND_LYMPHOID_TISSUE,lymphoid_neoplasm,Burkitt_lymphoma,IGHA1*00(292.5),QVQLQQWGAGLLKPSETLSLSCTIYGESFSDYSWSWIRQPPGKGLEWIGEINHSGSTKYSPSLKSRVTISLDRSKNQFSLKLNSVIAADTAVYYCAKGSIEVLAGAYYYYGLDVWGQGTTVTVSS,0.9514825,29467,0.950671054329591,IGKC*00(285.9),DIVMTQSPLSLPVTPGEPASISCRSSQTLLHSNGYNYLDWYLQKPGQSPQLLIYLGSNRASGVPDRFSGSGSGTDFTLKISRVEAEDVGVYYCMQALQTPPMYTFGQGTKLEIK,0.997389
19,9092,0.999670148433205,SRR8615747,RL,RL_HAEMATOPOIETIC_AND_LYMPHOID_TISSUE,lymphoid_neoplasm,B_cell_lymphoma_unspecified,IGHM*00(275.1),EVQLLDSGGDLVQPGGSLRLSCAASGFAFNNYAMTWVRQPPGKGLEWISSITNTSEFTFHSVSVKGRFIISRDNSKNTLFLQMNSLRPEDTATYFCAKHSGDYFFDSWGQGSLVTVSS,0.88378376,22231,0.999190974875275,IGLC1*00(389.6),QSALTQPPSAAASLGQSVTISCSGTNSDIGDYNYVSWYQQYPGKAPKVIIYAVNKRPSGVSGRFSGFKSGNTASLTISGLQGEDEADYFCCSYGVNNSFPYVFGTGTRVTVV,0.9171123
20,18135,0.999008428358949,SRR8615760,MC116,MC116_HAEMATOPOIETIC_AND_LYMPHOID_TISSUE,lymphoid_neoplasm,B_cell_lymphoma_unspecified,IGHM*00(287.9),QVQLVQSGAEVKKPGASVKVSCKASGYTFTGYYMHWVRQAPGQGLEWLGRINPNSGGTNYAQRFQGRVTMTGDTSISTAYMELSRLTSDDTAVYYCARGDSGSYHYWGQGTLVSVSS,0.9731183,30246,0.994182033330046,IGLC2*00(367.8),QSALTQPASVSGSPGQSITISCTGTSSDVGGYDYVSWYQQHPGKAPKLMIYEVTNRPSGVSNRFSASKSGNTASLTISGLQAEDEADYYCSSYTSSSTLVVFGGGTKLTVL,0.976
21,18135,0.999008428358949,SRR8615760,MC116,MC116_HAEMATOPOIETIC_AND_LYMPHOID_TISSUE,lymphoid_neoplasm,B_cell_lymphoma_unspecified,IGHM*00(287.9),QVQLVQSGAEVKKPGASVKVSCKASGYTFTGYYMHWVRQAPGQGLEWLGRINPNSGGTNYAQRFQGRVTMTGDTSISTAYMELSRLTSDDTAVYYCARGDSGSYHYWGQGTLVSVSS,0.9731183,301,0.867435158501441,,ETTLTQSPAFMSATPGDKVNISCKASQDIDDDMNWYQQKPGEAAIFIIQEATTLVPGIPPRFSGSGYGTDFTLTINNIESEDAAYYFCLQHDNFPLFTFGPGTKVDIK,0.9945504
23,42747,0.985998985099414,SRR8615801,RI-1,RI1_HAEMATOPOIETIC_AND_LYMPHOID_TISSUE,lymphoid_neoplasm,B_cell_lymphoma_unspecified,IGHM*00(298.2),EVQLVESGGGLVQPGGSLRLSCAASEFTFSNYWMSWVRQAPGKGLEWVANIKQDGSEKTYVDSVKGRFTISRDNAKNSLFLQMNSLRAEDTAVYYCARKCTPERGKLGFFDYWGQGILVTVSS,0.9730458,114001,0.996547082065806,IGKC*00(322.6),DIVMTQSPDSQAVSLGERGTINCKSSQSVLYSSNNKNYLAWYQQKPGQPPKLLIYWASTRESGVPERFSGSGSGTDFSLTISSLQAEDVAAYYCQQYYSVPYTFGQGTKLEIK,0.9840849
24,4273,0.977579501258293,SRR8615929,SUP-B15,SUPB15_HAEMATOPOIETIC_AND_LYMPHOID_TISSUE,lymphoid_neoplasm,acute_lymphoblastic_B_cell_leukaemia,IGHM*00(350.3),EVQLVETGGGLIQPGGSLRLSCAASGFTVSSNYMSWVRQAPGKGLEWVSVIYSGGSTYYADSVKGRFTISRDNSKNTLYLQMNSLRAEDTAVYYCTRVARGWCMLYRYYYYGMDVWGQGTTVTVSS,0.98644984,40,0.153256704980843,IGLC1*00(440.6),SYELTQPPSVSVSPGQTASITCSGDKLGDKYACWYQQKPGQSPVLVIYQDSKRPSGXXXXXXXSNSGNTATLTISGTQAMDEADYYCQAWDSSSWVFGTGTKVTVL,0.9053628
27,23653,0.999366232888288,SRR8615961,Daudi,DAUDI_HAEMATOPOIETIC_AND_LYMPHOID_TISSUE,lymphoid_neoplasm,Burkitt_lymphoma,IGHM*00(280.8),EVXLVESGGXLVQPGGSLRLSCEXSGFXITSYGXHWVRQAPGKGLVWVSXXDNDGRDATXADSVKGRFTSLPDRANNTXYLQMNSLRVDDTAVYYCVRGNGQKCFDYWGQGTLVTVSS,0.8475936,36968,0.988105738646994,IGKC*00(310.6),DIQMTQSPSSLSAXVGDRVTITCRAGHNITXFLSWYQQKPGKAPTLLIYAVSNLQXGVPSRFSGSGSGAEFTLTISSLQPEDFATYYCQQNYNFSFTFGGGTKVDNK,0.91184574
30,9947,0.843824228028504,SRR8615972,Raji,RAJI_HAEMATOPOIETIC_AND_LYMPHOID_TISSUE,lymphoid_neoplasm,Burkitt_lymphoma,IGHM*00(295.2),EVHLVESGGGLVKPGGSLRLSCEVSGFDFSIYYMSWVRQAPGKGLEWVSYINPRGSHISYAASVTGRFTVSRDNANNSLNLQMXSLRAEDTAVYYCARQRNDFSDNNSYYSNFDFWGQGALVTVSS,0.88948786,52392,0.991859452500852,IGKC*00(292.9),EIVLTQSPDTLSLSPGERXTLSCRTSQSVGSNFLTWYXQKXGQSPRLLMFGNSRRATGIPDRXSGSGSGTDFTLTISRLEAEDFAVYXCQQYGSSTLFTFGQGTKLEIK,0.9220056
31,12267,0.974499523355577,SRR8616118,BL-70,BL70_HAEMATOPOIETIC_AND_LYMPHOID_TISSUE,lymphoid_neoplasm,Burkitt_lymphoma,IGHM*00(283.9),EMQLVESGGGLIQPGGSLRLSCVVSGFSVTSDYMSWVRQAPGKGLEWVSIIYSVGTTYYADSVKGRFTISRDNSKNTLYLQMDSLRAEDTAVYYCARTPDISGYYYRYFDLWGRGTLVTVSS,0.9619565,21776,0.980106220181835,IGKC*00(235.7),DIQMTQSPSSLSASVGDRVTITCRASQSISNYLNWYQQKPGKAPKLLIYAASSLQSGVPSRFSGSGSGTDFTLTISSLQPEDFATYYCQQSYSTPLTFGGGTKVEIK,0.9945946
33,3239,0.913166055821821,SRR8616164,697,697_HAEMATOPOIETIC_AND_LYMPHOID_TISSUE,lymphoid_neoplasm,acute_lymphoblastic_B_cell_leukaemia,IGHM*00(207.9),QVTLKESGPVLVKPTETLTLTCTVSGFSLSNARMGVSWIRQPPGKALEWLXHIFSNDEKSYSTSLKSRLTISKDTSKSQVVLTMTNMDPVDTATYYCARIRPYCSSTSCYNESTAFDYWGQGTLVTVSS,0.9973615,24,0.470588235294118,IGKC*00(267.9),DIEVTQSPSTLSASVGDRVTITCRASHSISTWLAWYQQKPGKAPKVLIYQASTLESGVPSRFSGSGFGTEFTLTISSLQPDDFATYYCQQYKTYTFGQGTKLEIK,0.94871795
